{
  "firstLayout": "",
  "gdVersion": {
    "build": 99,
    "major": 4,
    "minor": 0,
    "revision": 0
  },
  "properties": {
    "adaptGameResolutionAtRuntime": true,
    "folderProject": false,
    "orientation": "landscape",
    "packageName": "com.example.gamename",
    "pixelsRounding": false,
    "projectUuid": "76708a7d-ca31-43bc-af12-970da3c06530",
    "scaleMode": "linear",
    "sizeOnStartupMode": "adaptWidth",
    "templateSlug": "",
    "useExternalSourceFiles": false,
    "version": "1.0.0",
    "name": "JogoPlataforma",
    "description": "",
    "author": "",
    "windowWidth": 960,
    "windowHeight": 540,
    "latestCompilationDirectory": "",
    "maxFPS": 60,
    "minFPS": 20,
    "verticalSync": false,
    "platformSpecificAssets": {},
    "loadingScreen": {
      "backgroundColor": 0,
      "backgroundFadeInDuration": 0.2,
      "backgroundImageResourceName": "",
      "gdevelopLogoStyle": "light",
      "logoAndProgressFadeInDuration": 0.2,
      "logoAndProgressLogoFadeInDelay": 0.2,
      "minDuration": 1.5,
      "progressBarColor": 16777215,
      "progressBarHeight": 20,
      "progressBarMaxWidth": 200,
      "progressBarMinWidth": 40,
      "progressBarWidthPercent": 30,
      "showGDevelopSplash": false,
      "showProgressBar": true
    },
    "watermark": {
      "placement": "bottom-left",
      "showWatermark": true
    },
    "authorIds": [],
    "authorUsernames": [],
    "categories": [],
    "playableDevices": [],
    "extensionProperties": [],
    "platforms": [
      {
        "name": "GDevelop JS platform"
      }
    ],
    "currentPlatform": "GDevelop JS platform"
  },
  "resources": {
    "resources": [
      {
        "alwaysLoaded": false,
        "file": "assets/NewSprite.png",
        "kind": "image",
        "metadata": "{\"extension\":\".png\"}",
        "name": "NewSprite",
        "smoothed": true,
        "userAdded": false
      },
      {
        "alwaysLoaded": false,
        "file": "assets/Player.png",
        "kind": "image",
        "metadata": "{\"extension\":\".png\"}",
        "name": "Player",
        "smoothed": true,
        "userAdded": false
      },
      {
        "alwaysLoaded": false,
        "file": "assets/Player2.png",
        "kind": "image",
        "metadata": "{\"extension\":\".png\"}",
        "name": "Player2",
        "smoothed": true,
        "userAdded": false
      },
      {
        "alwaysLoaded": false,
        "file": "assets/Player3.png",
        "kind": "image",
        "metadata": "{\"extension\":\".png\"}",
        "name": "Player3",
        "smoothed": true,
        "userAdded": true
      },
      {
        "alwaysLoaded": false,
        "file": "assets/New image.png",
        "kind": "image",
        "metadata": "{\"extension\":\".png\",\"pskl\":{}}",
        "name": "New image",
        "smoothed": true,
        "userAdded": false
      },
      {
        "alwaysLoaded": false,
        "file": "assets/Player4.png",
        "kind": "image",
        "metadata": "{\"extension\":\".png\"}",
        "name": "Player4",
        "smoothed": true,
        "userAdded": false
      },
      {
        "alwaysLoaded": false,
        "file": "assets/Player5.png",
        "kind": "image",
        "metadata": "{\"extension\":\".png\"}",
        "name": "Player5",
        "smoothed": true,
        "userAdded": false
      },
      {
        "alwaysLoaded": false,
        "file": "assets/Player6.png",
        "kind": "image",
        "metadata": "{\"extension\":\".png\"}",
        "name": "Player6",
        "smoothed": true,
        "userAdded": false
      },
      {
        "alwaysLoaded": false,
        "file": "assets/Player7.png",
        "kind": "image",
        "metadata": "{\"extension\":\".png\"}",
        "name": "Player7",
        "smoothed": true,
        "userAdded": false
      },
      {
        "alwaysLoaded": false,
        "file": "assets/Flag.png",
        "kind": "image",
        "metadata": "{\"extension\":\".png\"}",
        "name": "Flag",
        "smoothed": true,
        "userAdded": true
      },
      {
        "alwaysLoaded": false,
        "file": "assets/NewSprite2.png",
        "kind": "image",
        "metadata": "{\"extension\":\".png\"}",
        "name": "NewSprite2",
        "smoothed": true,
        "userAdded": true
      },
      {
        "alwaysLoaded": false,
        "file": "assets/Enemy.png",
        "kind": "image",
        "metadata": "{\"extension\":\".png\",\"localFilePath\":\"assets/Enemy.png\"}",
        "name": "Enemy",
        "smoothed": true,
        "userAdded": false
      },
      {
        "alwaysLoaded": false,
        "file": "assets/Enemy2.png",
        "kind": "image",
        "metadata": "{\"extension\":\".png\"}",
        "name": "Enemy2",
        "smoothed": true,
        "userAdded": true
      },
      {
        "alwaysLoaded": false,
        "file": "assets/Enemy3.png",
        "kind": "image",
        "metadata": "{\"extension\":\".png\"}",
        "name": "Enemy3",
        "smoothed": true,
        "userAdded": false
      },
      {
        "alwaysLoaded": false,
        "file": "assets/Enemy4.png",
        "kind": "image",
        "metadata": "{\"extension\":\".png\"}",
        "name": "Enemy4",
        "smoothed": true,
        "userAdded": false
      }
    ],
    "resourceFolders": []
  },
  "objects": [],
  "objectsGroups": [],
  "variables": [],
  "layouts": [
    {
      "b": 209,
      "disableInputWhenNotFocused": true,
      "mangledName": "Level1",
      "name": "Level1",
      "r": 209,
      "standardSortMethod": true,
      "stopSoundsOnStartup": true,
      "title": "",
      "v": 209,
      "uiSettings": {
        "grid": true,
        "gridType": "rectangular",
        "gridWidth": 32,
        "gridHeight": 32,
        "gridOffsetX": 0,
        "gridOffsetY": 0,
        "gridColor": 10401023,
        "gridAlpha": 0.8,
        "snap": true,
        "zoomFactor": 0.6503476410171095,
        "windowMask": false
      },
      "objectsGroups": [
        {
          "name": "Hazard",
          "objects": [
            {
              "name": "Spike"
            },
            {
              "name": "Enemy"
            }
          ]
        }
      ],
      "variables": [],
      "instances": [
        {
          "angle": 0,
          "customSize": false,
          "height": 0,
          "layer": "",
          "name": "Player",
          "persistentUuid": "eb06a479-4f9f-43ca-a2a7-cfef98d62862",
          "width": 0,
          "x": -768,
          "y": 320,
          "zOrder": 1,
          "numberProperties": [],
          "stringProperties": [],
          "initialVariables": []
        },
        {
          "angle": 0,
          "customSize": true,
          "height": 32,
          "layer": "",
          "name": "Ground",
          "persistentUuid": "9d97eab0-81b9-4999-8373-1e86844a4e56",
          "width": 855,
          "x": 0,
          "y": 352,
          "zOrder": 2,
          "numberProperties": [],
          "stringProperties": [],
          "initialVariables": []
        },
        {
          "angle": 0,
          "customSize": true,
          "height": 32,
          "layer": "",
          "name": "Ground",
          "persistentUuid": "c65860ae-ad6e-48fa-a645-8cbf3064462e",
          "width": 269,
          "x": 608,
          "y": 160,
          "zOrder": 3,
          "numberProperties": [],
          "stringProperties": [],
          "initialVariables": []
        },
        {
          "angle": 0,
          "customSize": true,
          "height": 32,
          "layer": "",
          "name": "Ground",
          "persistentUuid": "025e0ffc-0c7d-4a6f-a75e-f9098c6d9330",
          "width": 288,
          "x": 192,
          "y": 224,
          "zOrder": 4,
          "numberProperties": [],
          "stringProperties": [],
          "initialVariables": []
        },
        {
          "angle": 0,
          "customSize": true,
          "height": 32,
          "layer": "",
          "name": "Ground",
          "persistentUuid": "6254b2b4-ebe4-4c4f-b015-239b5a717fbe",
          "width": 192,
          "x": 960,
          "y": 64,
          "zOrder": 5,
          "numberProperties": [],
          "stringProperties": [],
          "initialVariables": []
        },
        {
          "angle": 0,
          "customSize": true,
          "height": 32,
          "layer": "",
          "name": "Ground",
          "persistentUuid": "368f455c-5d4c-427a-8c84-c512d5071efc",
          "width": 192,
          "x": 1248,
          "y": 192,
          "zOrder": 6,
          "numberProperties": [],
          "stringProperties": [],
          "initialVariables": []
        },
        {
          "angle": 0,
          "customSize": true,
          "height": 32,
          "layer": "",
          "name": "Ground",
          "persistentUuid": "0d7bd153-3d3c-481b-8fc3-caf4bbb24b77",
          "width": 192,
          "x": 960,
          "y": 288,
          "zOrder": 7,
          "numberProperties": [],
          "stringProperties": [],
          "initialVariables": []
        },
        {
          "angle": 0,
          "customSize": true,
          "height": 32,
          "layer": "",
          "name": "Ground",
          "persistentUuid": "0d505478-25cb-467e-aa9e-d0bd3ca65a55",
          "width": 192,
          "x": 1536,
          "y": 288,
          "zOrder": 8,
          "numberProperties": [],
          "stringProperties": [],
          "initialVariables": []
        },
        {
          "angle": 0,
          "customSize": true,
          "height": 32,
          "layer": "",
          "name": "Ground",
          "persistentUuid": "346320d8-c425-4a19-8163-b4773938c943",
          "width": 224,
          "x": 1728,
          "y": 160,
          "zOrder": 9,
          "numberProperties": [],
          "stringProperties": [],
          "initialVariables": []
        },
        {
          "angle": 0,
          "customSize": true,
          "height": 32,
          "layer": "",
          "name": "Ground",
          "persistentUuid": "edfd28e7-2073-4ac2-9f4e-9d32322e3028",
          "width": 192,
          "x": 1952,
          "y": 32,
          "zOrder": 10,
          "numberProperties": [],
          "stringProperties": [],
          "initialVariables": []
        },
        {
          "angle": 0,
          "customSize": true,
          "height": 32,
          "layer": "",
          "name": "Ground",
          "persistentUuid": "47e6cc8f-3436-435a-9979-37ca875b49c4",
          "width": 160,
          "x": 1760,
          "y": -64,
          "zOrder": 11,
          "numberProperties": [],
          "stringProperties": [],
          "initialVariables": []
        },
        {
          "angle": 0,
          "customSize": true,
          "height": 32,
          "layer": "",
          "name": "Ground",
          "persistentUuid": "c3fc2773-728c-4c77-b18c-5ac52ec3ca79",
          "width": 192,
          "x": 2016,
          "y": -160,
          "zOrder": 12,
          "numberProperties": [],
          "stringProperties": [],
          "initialVariables": []
        },
        {
          "angle": 0,
          "customSize": true,
          "height": 32,
          "layer": "",
          "name": "Ground",
          "persistentUuid": "8303e1cc-6462-479f-b693-f0dbc174cb6e",
          "width": 160,
          "x": 1760,
          "y": -224,
          "zOrder": 11,
          "numberProperties": [],
          "stringProperties": [],
          "initialVariables": []
        },
        {
          "angle": 0,
          "customSize": true,
          "height": 32,
          "layer": "",
          "name": "Ground",
          "persistentUuid": "4de5a5f3-0082-4b09-829e-4d04159ea926",
          "width": 192,
          "x": 2016,
          "y": -288,
          "zOrder": 12,
          "numberProperties": [],
          "stringProperties": [],
          "initialVariables": []
        },
        {
          "angle": 0,
          "customSize": true,
          "height": 32,
          "layer": "",
          "name": "Ground",
          "persistentUuid": "9c0df02b-8308-4cd5-91ba-e38dc5df790c",
          "width": 160,
          "x": 1760,
          "y": -384,
          "zOrder": 11,
          "numberProperties": [],
          "stringProperties": [],
          "initialVariables": []
        },
        {
          "angle": 0,
          "customSize": true,
          "height": 32,
          "layer": "",
          "name": "Ground",
          "persistentUuid": "c3b7260d-607b-4b25-9e6c-6eea0c707efe",
          "width": 192,
          "x": 2016,
          "y": -480,
          "zOrder": 12,
          "numberProperties": [],
          "stringProperties": [],
          "initialVariables": []
        },
        {
          "angle": 0,
          "customSize": true,
          "height": 32,
          "layer": "",
          "name": "Ground",
          "persistentUuid": "3bd3147e-92ac-4656-a99c-b7a216e4dc3c",
          "width": 160,
          "x": 1760,
          "y": -576,
          "zOrder": 11,
          "numberProperties": [],
          "stringProperties": [],
          "initialVariables": []
        },
        {
          "angle": 0,
          "customSize": true,
          "height": 32,
          "layer": "",
          "name": "Ground",
          "persistentUuid": "24de56af-1ddd-4e0c-9137-ebc836946516",
          "width": 192,
          "x": 2016,
          "y": -672,
          "zOrder": 12,
          "numberProperties": [],
          "stringProperties": [],
          "initialVariables": []
        },
        {
          "angle": 0,
          "customSize": true,
          "height": 32,
          "layer": "",
          "name": "Ground",
          "persistentUuid": "c019268d-5c09-4b85-a925-3edb0c4b1d59",
          "width": 160,
          "x": 1760,
          "y": -800,
          "zOrder": 11,
          "numberProperties": [],
          "stringProperties": [],
          "initialVariables": []
        },
        {
          "angle": 0,
          "customSize": true,
          "height": 32,
          "layer": "",
          "name": "Ground",
          "persistentUuid": "89cfc8a5-dbea-4eb8-8563-7f206b5ac520",
          "width": 192,
          "x": 2016,
          "y": -800,
          "zOrder": 12,
          "numberProperties": [],
          "stringProperties": [],
          "initialVariables": []
        },
        {
          "angle": 0,
          "customSize": true,
          "height": 32,
          "layer": "",
          "name": "Ground",
          "persistentUuid": "1161c254-2530-40e3-9bd3-25320c27b13a",
          "width": 224,
          "x": -128,
          "y": 160,
          "zOrder": 13,
          "numberProperties": [],
          "stringProperties": [],
          "initialVariables": []
        },
        {
          "angle": 0,
          "customSize": true,
          "height": 32,
          "layer": "",
          "name": "Ground",
          "persistentUuid": "df43d33f-bfb7-4089-ba41-3da68298a8c5",
          "width": 192,
          "x": -352,
          "y": 64,
          "zOrder": 14,
          "numberProperties": [],
          "stringProperties": [],
          "initialVariables": []
        },
        {
          "angle": 0,
          "customSize": true,
          "height": 32,
          "layer": "",
          "name": "Ground",
          "persistentUuid": "8c5afc98-07ae-4a62-9b0d-87d9c98dfe7d",
          "width": 96,
          "x": -32,
          "y": -64,
          "zOrder": 15,
          "numberProperties": [],
          "stringProperties": [],
          "initialVariables": []
        },
        {
          "angle": 0,
          "customSize": false,
          "height": 0,
          "layer": "",
          "name": "Spike",
          "persistentUuid": "536fbd8e-643e-4253-b811-031b0e6750db",
          "width": 0,
          "x": 352,
          "y": 320,
          "zOrder": 16,
          "numberProperties": [],
          "stringProperties": [],
          "initialVariables": []
        },
        {
          "angle": 0,
          "customSize": false,
          "height": 0,
          "layer": "",
          "name": "Spike",
          "persistentUuid": "79150aec-832d-4a22-9316-97bfa9fb03ba",
          "width": 0,
          "x": 288,
          "y": 192,
          "zOrder": 17,
          "numberProperties": [],
          "stringProperties": [],
          "initialVariables": []
        },
        {
          "angle": 0,
          "customSize": false,
          "height": 0,
          "layer": "",
          "name": "Spike",
          "persistentUuid": "715719d4-e0fd-4070-b4e2-c93521ee5e9b",
          "width": 0,
          "x": 800,
          "y": 128,
          "zOrder": 18,
          "numberProperties": [],
          "stringProperties": [],
          "initialVariables": []
        },
        {
          "angle": 0,
          "customSize": false,
          "height": 0,
          "layer": "",
          "name": "Spike",
          "persistentUuid": "76cbd5d9-0d12-4aee-8dd0-47a37437bc99",
          "width": 0,
          "x": 1088,
          "y": 256,
          "zOrder": 19,
          "numberProperties": [],
          "stringProperties": [],
          "initialVariables": []
        },
        {
          "angle": 0,
          "customSize": false,
          "height": 0,
          "layer": "",
          "name": "Spike",
          "persistentUuid": "84c19b04-2c35-4d96-b5d8-82f06bf24f51",
          "width": 0,
          "x": 1088,
          "y": 32,
          "zOrder": 20,
          "numberProperties": [],
          "stringProperties": [],
          "initialVariables": []
        },
        {
          "angle": 0,
          "customSize": false,
          "height": 0,
          "layer": "",
          "name": "Spike",
          "persistentUuid": "2c54cefe-9c28-430c-afe5-871b25228c6e",
          "width": 0,
          "x": -64,
          "y": 128,
          "zOrder": 21,
          "numberProperties": [],
          "stringProperties": [],
          "initialVariables": []
        },
        {
          "angle": 0,
          "customSize": false,
          "height": 0,
          "layer": "",
          "name": "Spike",
          "persistentUuid": "27feece2-0ba4-4b2e-aa1b-5774b2820be4",
          "width": 0,
          "x": -224,
          "y": 32,
          "zOrder": 22,
          "numberProperties": [],
          "stringProperties": [],
          "initialVariables": []
        },
        {
          "angle": 0,
          "customSize": false,
          "height": 0,
          "layer": "",
          "name": "Spike",
          "persistentUuid": "b9f41efe-63cf-4383-9173-0b74117fdd62",
          "width": 0,
          "x": 32,
          "y": -96,
          "zOrder": 23,
          "numberProperties": [],
          "stringProperties": [],
          "initialVariables": []
        },
        {
          "angle": 0,
          "customSize": false,
          "height": 0,
          "layer": "",
          "name": "Spike",
          "persistentUuid": "4347cc96-e5d7-4b5e-a605-a5eaea76269b",
          "width": 0,
          "x": 1344,
          "y": 160,
          "zOrder": 24,
          "numberProperties": [],
          "stringProperties": [],
          "initialVariables": []
        },
        {
          "angle": 0,
          "customSize": false,
          "height": 0,
          "layer": "",
          "name": "Spike",
          "persistentUuid": "8fb983cd-5ac7-4e31-a5b1-18bf5ddd46a9",
          "width": 0,
          "x": 1600,
          "y": 256,
          "zOrder": 25,
          "numberProperties": [],
          "stringProperties": [],
          "initialVariables": []
        },
        {
          "angle": 0,
          "customSize": true,
          "height": 32,
          "layer": "",
          "name": "Ground",
          "persistentUuid": "48fdabf4-0c16-43df-8b0c-cf38b0b0f87a",
          "width": 96,
          "x": -96,
          "y": -32,
          "zOrder": 26,
          "numberProperties": [],
          "stringProperties": [],
          "initialVariables": []
        },
        {
          "angle": 0,
          "customSize": false,
          "height": 0,
          "layer": "",
          "name": "Spike",
          "persistentUuid": "e46fa1b2-00a4-4619-a786-60d07666a446",
          "width": 0,
          "x": 1824,
          "y": 128,
          "zOrder": 27,
          "numberProperties": [],
          "stringProperties": [],
          "initialVariables": []
        },
        {
          "angle": 0,
          "customSize": false,
          "height": 0,
          "layer": "",
          "name": "Spike",
          "persistentUuid": "3d4e4388-58f5-42ec-b097-91012afcd1b0",
          "width": 0,
          "x": 1984,
          "y": 0,
          "zOrder": 28,
          "numberProperties": [],
          "stringProperties": [],
          "initialVariables": []
        },
        {
          "angle": 0,
          "customSize": false,
          "height": 0,
          "layer": "",
          "name": "Spike",
          "persistentUuid": "c2011118-34c0-42f8-a5ca-4c724024ea1a",
          "width": 0,
          "x": 1824,
          "y": -96,
          "zOrder": 29,
          "numberProperties": [],
          "stringProperties": [],
          "initialVariables": []
        },
        {
          "angle": 0,
          "customSize": false,
          "height": 0,
          "layer": "",
          "name": "Spike",
          "persistentUuid": "ad923ba7-214e-4425-89e9-380f734f9980",
          "width": 0,
          "x": 2080,
          "y": -192,
          "zOrder": 30,
          "numberProperties": [],
          "stringProperties": [],
          "initialVariables": []
        },
        {
          "angle": 0,
          "customSize": false,
          "height": 0,
          "layer": "",
          "name": "Spike",
          "persistentUuid": "e31f70c6-3998-4198-9bb6-f838f2242a0f",
          "width": 0,
          "x": 1824,
          "y": -256,
          "zOrder": 31,
          "numberProperties": [],
          "stringProperties": [],
          "initialVariables": []
        },
        {
          "angle": 0,
          "customSize": false,
          "height": 0,
          "layer": "",
          "name": "Spike",
          "persistentUuid": "fc3b0d9e-38db-4012-9edb-01b0aa596e11",
          "width": 0,
          "x": 2080,
          "y": -320,
          "zOrder": 32,
          "numberProperties": [],
          "stringProperties": [],
          "initialVariables": []
        },
        {
          "angle": 0,
          "customSize": false,
          "height": 0,
          "layer": "",
          "name": "Spike",
          "persistentUuid": "1411ee50-f668-4231-8ba7-c3d44d39133d",
          "width": 0,
          "x": 2112,
          "y": -512,
          "zOrder": 33,
          "numberProperties": [],
          "stringProperties": [],
          "initialVariables": []
        },
        {
          "angle": 0,
          "customSize": false,
          "height": 0,
          "layer": "",
          "name": "Spike",
          "persistentUuid": "fe8d280d-12bb-48b5-8f6f-e36db2896727",
          "width": 0,
          "x": 1856,
          "y": -416,
          "zOrder": 34,
          "numberProperties": [],
          "stringProperties": [],
          "initialVariables": []
        },
        {
          "angle": 0,
          "customSize": false,
          "height": 0,
          "layer": "",
          "name": "Spike",
          "persistentUuid": "a59ba7c5-6394-4ec1-8eae-c772117d5b47",
          "width": 0,
          "x": 1856,
          "y": -608,
          "zOrder": 35,
          "numberProperties": [],
          "stringProperties": [],
          "initialVariables": []
        },
        {
          "angle": 0,
          "customSize": false,
          "height": 0,
          "layer": "",
          "name": "Spike",
          "persistentUuid": "09be471e-ef62-4773-a9fa-8f05fe56ebd3",
          "width": 0,
          "x": 2048,
          "y": -704,
          "zOrder": 36,
          "numberProperties": [],
          "stringProperties": [],
          "initialVariables": []
        },
        {
          "angle": 0,
          "customSize": false,
          "height": 0,
          "layer": "",
          "name": "Spike",
          "persistentUuid": "9f6c7d3b-52ef-44ec-a555-2b905ca1a887",
          "width": 0,
          "x": 1888,
          "y": -832,
          "zOrder": 37,
          "numberProperties": [],
          "stringProperties": [],
          "initialVariables": []
        },
        {
          "angle": 0,
          "customSize": false,
          "height": 0,
          "layer": "",
          "name": "Spike",
          "persistentUuid": "00115fe8-a4ec-405b-8d6a-96dd46862849",
          "width": 0,
          "x": 2016,
          "y": -832,
          "zOrder": 38,
          "numberProperties": [],
          "stringProperties": [],
          "initialVariables": []
        },
        {
          "angle": 0,
          "customSize": false,
          "height": 0,
          "layer": "",
          "name": "Enemy",
          "persistentUuid": "eb99a5c3-8612-41cb-b5b5-f937570bef5a",
          "width": 0,
          "x": 512,
          "y": 288,
          "zOrder": 39,
          "numberProperties": [],
          "stringProperties": [],
          "initialVariables": []
        },
        {
          "angle": 0,
          "customSize": false,
          "height": 0,
          "layer": "",
          "name": "Enemy",
          "persistentUuid": "0f4fce14-f00b-436d-adaf-265dad80dcda",
          "width": 0,
          "x": 352,
          "y": 160,
          "zOrder": 40,
          "numberProperties": [],
          "stringProperties": [],
          "initialVariables": []
        },
        {
          "angle": 0,
          "customSize": false,
          "height": 0,
          "layer": "",
          "name": "Enemy",
          "persistentUuid": "5d9d5eb3-8c26-4289-ba44-0ca6567a2500",
          "width": 0,
          "x": 992,
          "y": 0,
          "zOrder": 41,
          "numberProperties": [],
          "stringProperties": [],
          "initialVariables": []
        },
        {
          "angle": 0,
          "customSize": false,
          "height": 0,
          "layer": "",
          "name": "Enemy",
          "persistentUuid": "42893251-53e3-43d7-94da-50e40043a827",
          "width": 0,
          "x": 1024,
          "y": 224,
          "zOrder": 42,
          "numberProperties": [],
          "stringProperties": [],
          "initialVariables": []
        },
        {
          "angle": 0,
          "customSize": true,
          "height": 32,
          "layer": "",
          "name": "Ground",
          "persistentUuid": "a30b14ec-5cce-4497-b22c-91f28ec28172",
          "width": 672,
          "x": -672,
          "y": 352,
          "zOrder": 43,
          "numberProperties": [],
          "stringProperties": [],
          "initialVariables": []
        },
        {
          "angle": 0,
          "customSize": false,
          "height": 0,
          "layer": "",
          "name": "Enemy",
          "persistentUuid": "55df1687-5c34-4a71-9b8e-4ac61c974a08",
          "width": 0,
          "x": 704,
          "y": 96,
          "zOrder": 44,
          "numberProperties": [],
          "stringProperties": [],
          "initialVariables": []
        },
        {
          "angle": 0,
          "customSize": false,
          "height": 0,
          "layer": "",
          "name": "Enemy",
          "persistentUuid": "1bf9060f-102b-4bed-8aee-542a57003690",
          "width": 0,
          "x": 608,
          "y": 96,
          "zOrder": 45,
          "numberProperties": [],
          "stringProperties": [],
          "initialVariables": []
        },
        {
          "angle": 0,
          "customSize": false,
          "height": 0,
          "layer": "",
          "name": "Enemy",
          "persistentUuid": "1b0d1866-a6da-47ec-a7c8-a962dcd113cd",
          "width": 0,
          "x": 1248,
          "y": 128,
          "zOrder": 46,
          "numberProperties": [],
          "stringProperties": [],
          "initialVariables": []
        },
        {
          "angle": 0,
          "customSize": false,
          "height": 0,
          "layer": "",
          "name": "Enemy",
          "persistentUuid": "006ee901-19b9-4496-8a19-1392000fd154",
          "width": 0,
          "x": 768,
          "y": 288,
          "zOrder": 47,
          "numberProperties": [],
          "stringProperties": [],
          "initialVariables": []
        },
        {
          "angle": 0,
          "customSize": false,
          "height": 0,
          "layer": "",
          "name": "Enemy",
          "persistentUuid": "c9618e45-ce47-4074-abd2-ca71dc0bcb66",
          "width": 0,
          "x": 608,
          "y": 288,
          "zOrder": 48,
          "numberProperties": [],
          "stringProperties": [],
          "initialVariables": []
        },
        {
          "angle": 0,
          "customSize": false,
          "height": 0,
          "layer": "",
          "name": "Enemy",
          "persistentUuid": "00de6e8c-763e-44d8-afaa-ca26b4d4c782",
          "width": 0,
          "x": -704,
          "y": 192,
          "zOrder": 49,
          "numberProperties": [],
          "stringProperties": [],
          "initialVariables": []
        }
      ],
      "objects": [
        {
          "assetStoreId": "",
          "name": "Player",
          "tags": "",
          "type": "Sprite",
          "updateIfNotVisible": false,
          "variables": [],
          "effects": [],
          "behaviors": [
            {
              "jumpSpeed": 600,
              "name": "PlatformerObject",
              "type": "PlatformBehavior::PlatformerObjectBehavior",
              "gravity": 1000,
              "acceleration": 1500,
              "canGoDownFromJumpthru": true,
              "canGrabPlatforms": false,
              "canGrabWithoutMoving": true,
              "deceleration": 1500,
              "ignoreDefaultControls": false,
              "jumpSustainTime": 0.2,
              "ladderClimbingSpeed": 150,
              "maxFallingSpeed": 700,
              "maxSpeed": 250,
              "slopeMaxAngle": 60,
              "useLegacyTrajectory": false,
              "xGrabTolerance": 10,
              "yGrabOffset": 0
            }
          ],
          "animations": [
            {
              "name": "Player",
              "useMultipleDirections": false,
              "directions": [
                {
                  "looping": true,
                  "metadata": "{\"pskl\":{}}",
                  "timeBetweenFrames": 0.08,
                  "sprites": [
                    {
                      "hasCustomCollisionMask": false,
                      "image": "Player6",
                      "points": [],
                      "originPoint": {
                        "name": "origine",
                        "x": 0,
                        "y": 0
                      },
                      "centerPoint": {
                        "automatic": true,
                        "name": "centre",
                        "x": 0,
                        "y": 0
                      },
                      "customCollisionMask": []
                    },
                    {
                      "hasCustomCollisionMask": false,
                      "image": "Player7",
                      "points": [],
                      "originPoint": {
                        "name": "origine",
                        "x": 0,
                        "y": 0
                      },
                      "centerPoint": {
                        "automatic": true,
                        "name": "centre",
                        "x": 0,
                        "y": 0
                      },
                      "customCollisionMask": []
                    }
                  ]
                }
              ]
            }
          ]
        },
        {
          "assetStoreId": "",
          "height": 32,
          "name": "Ground",
          "tags": "",
          "texture": "New image",
          "type": "TiledSpriteObject::TiledSprite",
          "width": 32,
          "variables": [],
          "effects": [],
          "behaviors": [
            {
              "name": "Platform",
              "type": "PlatformBehavior::PlatformBehavior",
              "canBeGrabbed": true,
              "platformType": "NormalPlatform",
              "yGrabOffset": 0
            }
          ]
        },
        {
          "assetStoreId": "",
          "name": "Flag",
          "tags": "",
          "type": "Sprite",
          "updateIfNotVisible": false,
          "variables": [],
          "effects": [],
          "behaviors": [],
          "animations": [
            {
              "name": "Flag",
              "useMultipleDirections": false,
              "directions": [
                {
                  "looping": false,
                  "metadata": "{\"pskl\":{}}",
                  "timeBetweenFrames": 0.08,
                  "sprites": [
                    {
                      "hasCustomCollisionMask": false,
                      "image": "Flag",
                      "points": [],
                      "originPoint": {
                        "name": "origine",
                        "x": 0,
                        "y": 0
                      },
                      "centerPoint": {
                        "automatic": true,
                        "name": "centre",
                        "x": 0,
                        "y": 0
                      },
                      "customCollisionMask": []
                    }
                  ]
                }
              ]
            }
          ]
        },
        {
          "assetStoreId": "",
          "name": "Spike",
          "tags": "",
          "type": "Sprite",
          "updateIfNotVisible": false,
          "variables": [],
          "effects": [],
          "behaviors": [],
          "animations": [
            {
              "name": "NewSprite",
              "useMultipleDirections": false,
              "directions": [
                {
                  "looping": false,
                  "metadata": "{\"pskl\":{}}",
                  "timeBetweenFrames": 0.08,
                  "sprites": [
                    {
                      "hasCustomCollisionMask": true,
                      "image": "NewSprite2",
                      "points": [],
                      "originPoint": {
                        "name": "origine",
                        "x": 0,
                        "y": 0
                      },
                      "centerPoint": {
                        "automatic": true,
                        "name": "centre",
                        "x": 0,
                        "y": 0
                      },
                      "customCollisionMask": [
                        [
                          {
                            "x": 14.33203125,
                            "y": 0
                          },
                          {
                            "x": 16.70703125,
                            "y": 0
                          },
                          {
                            "x": 32,
                            "y": 26.4375
                          },
                          {
                            "x": 32,
                            "y": 32
                          },
                          {
                            "x": 0,
                            "y": 32
                          },
                          {
                            "x": 0,
                            "y": 25
                          }
                        ]
                      ]
                    }
                  ]
                }
              ]
            }
          ]
        },
        {
          "assetStoreId": "",
          "name": "Enemy",
          "tags": "",
          "type": "Sprite",
          "updateIfNotVisible": false,
          "variables": [],
          "effects": [],
          "behaviors": [
            {
              "acceleration": 1500,
              "canGoDownFromJumpthru": true,
              "canGrabPlatforms": false,
              "canGrabWithoutMoving": true,
              "deceleration": 1500,
              "gravity": 1000,
              "ignoreDefaultControls": true,
              "jumpSpeed": 600,
              "jumpSustainTime": 0.2,
              "ladderClimbingSpeed": 150,
              "maxFallingSpeed": 1000,
              "maxSpeed": 100,
              "name": "PlatformerObject",
              "slopeMaxAngle": 60,
              "type": "PlatformBehavior::PlatformerObjectBehavior",
              "useLegacyTrajectory": true,
              "xGrabTolerance": 10,
              "yGrabOffset": 0
            }
          ],
          "animations": [
            {
              "name": "Enemy",
              "useMultipleDirections": false,
              "directions": [
                {
                  "looping": false,
                  "metadata": "{\"pskl\":{}}",
                  "timeBetweenFrames": 0.08,
                  "sprites": [
                    {
                      "hasCustomCollisionMask": false,
                      "image": "Enemy4",
                      "points": [],
                      "originPoint": {
                        "name": "origine",
                        "x": 0,
                        "y": 0
                      },
                      "centerPoint": {
                        "automatic": true,
                        "name": "centre",
                        "x": 0,
                        "y": 0
                      },
                      "customCollisionMask": []
                    }
                  ]
                }
              ]
            }
          ]
        }
      ],
      "events": [
        {
          "type": "BuiltinCommonInstructions::Comment",
          "color": {
            "b": 109,
            "g": 230,
            "r": 255,
            "textB": 0,
            "textG": 0,
            "textR": 0
          },
          "comment": "O codigo abaixo realiza a ação de inverter a imagem do personagem em relação a direção de movimento",
          "comment2": ""
        },
        {
          "type": "BuiltinCommonInstructions::Standard",
          "conditions": [
            {
              "type": {
                "value": "KeyPressed"
              },
              "parameters": [
                "",
                "Left"
              ]
            }
          ],
          "actions": [
            {
              "type": {
                "value": "FlipX"
              },
              "parameters": [
                "Player",
                "yes"
              ]
            }
          ]
        },
        {
          "type": "BuiltinCommonInstructions::Standard",
          "conditions": [
            {
              "type": {
                "value": "KeyPressed"
              },
              "parameters": [
                "",
                "Right"
              ]
            }
          ],
          "actions": [
            {
              "type": {
                "value": "FlipX"
              },
              "parameters": [
                "Player",
                "no"
              ]
            }
          ]
        },
        {
          "type": "BuiltinCommonInstructions::Comment",
          "color": {
            "b": 109,
            "g": 230,
            "r": 255,
            "textB": 0,
            "textG": 0,
            "textR": 0
          },
          "comment": "O codigo abaixo move a camera em relação a posição x, y do personagem",
          "comment2": ""
        },
        {
          "type": "BuiltinCommonInstructions::Standard",
          "conditions": [],
          "actions": [
            {
              "type": {
                "value": "CentreCamera"
              },
              "parameters": [
                "",
                "Player",
                "yes",
                "",
                ""
              ]
            }
          ]
        },
        {
          "type": "BuiltinCommonInstructions::Comment",
          "color": {
            "b": 109,
            "g": 230,
            "r": 255,
            "textB": 0,
            "textG": 0,
            "textR": 0
          },
          "comment": "Código que verifica se o player colidiu com algum perigo",
          "comment2": ""
        },
        {
          "type": "BuiltinCommonInstructions::Standard",
          "conditions": [
            {
              "type": {
                "value": "CollisionNP"
              },
              "parameters": [
                "Player",
                "Hazard",
                "",
                "",
                "no"
              ]
            }
          ],
          "actions": [
            {
              "type": {
                "value": "Scene"
              },
              "parameters": [
                "",
                "\"Level1\"",
                ""
              ]
            }
          ]
        },
        {
          "type": "BuiltinCommonInstructions::Comment",
          "color": {
            "b": 109,
            "g": 230,
            "r": 255,
            "textB": 0,
            "textG": 0,
            "textR": 0
          },
          "comment": " Movimenta o inimigo somente para a esquerda",
          "comment2": ""
        },
        {
          "type": "BuiltinCommonInstructions::Standard",
          "conditions": [],
          "actions": [
            {
              "type": {
                "value": "PlatformBehavior::SimulateLeftKey"
              },
              "parameters": [
                "Enemy",
                "PlatformerObject"
              ]
            }
          ]
        }
      ],
      "layers": [
        {
          "ambientLightColorB": 0,
          "ambientLightColorG": 8023856,
          "ambientLightColorR": 16,
          "followBaseLayerCamera": false,
          "isLightingLayer": false,
          "name": "",
          "visibility": true,
          "cameras": [
            {
              "defaultSize": true,
              "defaultViewport": true,
              "height": 0,
              "viewportBottom": 1,
              "viewportLeft": 0,
              "viewportRight": 1,
              "viewportTop": 0,
              "width": 0
            }
          ],
          "effects": []
        }
      ],
      "behaviorsSharedData": [
        {
          "name": "Platform",
          "type": "PlatformBehavior::PlatformBehavior"
        },
        {
          "name": "PlatformerObject",
          "type": "PlatformBehavior::PlatformerObjectBehavior"
        }
      ]
    }
  ],
  "externalEvents": [],
  "eventsFunctionsExtensions": [],
  "externalLayouts": [],
  "externalSourceFiles": []
}