{
  "firstLayout": "",
  "gdVersion": {
    "build": 99,
    "major": 4,
    "minor": 0,
    "revision": 0
  },
  "properties": {
    "adaptGameResolutionAtRuntime": true,
    "folderProject": false,
    "orientation": "landscape",
    "packageName": "com.example.gamename",
    "pixelsRounding": false,
    "projectUuid": "76708a7d-ca31-43bc-af12-970da3c06530",
    "scaleMode": "linear",
    "sizeOnStartupMode": "adaptWidth",
    "templateSlug": "",
    "useExternalSourceFiles": false,
    "version": "1.0.0",
    "name": "JogoPlataforma",
    "description": "",
    "author": "",
    "windowWidth": 960,
    "windowHeight": 540,
    "latestCompilationDirectory": "",
    "maxFPS": 60,
    "minFPS": 20,
    "verticalSync": false,
    "platformSpecificAssets": {},
    "loadingScreen": {
      "backgroundColor": 0,
      "backgroundFadeInDuration": 0.2,
      "backgroundImageResourceName": "",
      "gdevelopLogoStyle": "light",
      "logoAndProgressFadeInDuration": 0.2,
      "logoAndProgressLogoFadeInDelay": 0.2,
      "minDuration": 1.5,
      "progressBarColor": 16777215,
      "progressBarHeight": 20,
      "progressBarMaxWidth": 200,
      "progressBarMinWidth": 40,
      "progressBarWidthPercent": 30,
      "showGDevelopSplash": false,
      "showProgressBar": true
    },
    "watermark": {
      "placement": "bottom-left",
      "showWatermark": true
    },
    "authorIds": [],
    "authorUsernames": [],
    "categories": [],
    "playableDevices": [],
    "extensionProperties": [],
    "platforms": [
      {
        "name": "GDevelop JS platform"
      }
    ],
    "currentPlatform": "GDevelop JS platform"
  },
  "resources": {
    "resources": [
      {
        "alwaysLoaded": false,
        "file": "assets/NewSprite.png",
        "kind": "image",
        "metadata": "{\"extension\":\".png\"}",
        "name": "NewSprite",
        "smoothed": true,
        "userAdded": false
      },
      {
        "alwaysLoaded": false,
        "file": "assets/Player.png",
        "kind": "image",
        "metadata": "{\"extension\":\".png\"}",
        "name": "Player",
        "smoothed": true,
        "userAdded": false
      },
      {
        "alwaysLoaded": false,
        "file": "assets/Player2.png",
        "kind": "image",
        "metadata": "{\"extension\":\".png\"}",
        "name": "Player2",
        "smoothed": true,
        "userAdded": false
      },
      {
        "alwaysLoaded": false,
        "file": "assets/Player3.png",
        "kind": "image",
        "metadata": "{\"extension\":\".png\"}",
        "name": "Player3",
        "smoothed": true,
        "userAdded": true
      },
      {
        "alwaysLoaded": false,
        "file": "assets/New image.png",
        "kind": "image",
        "metadata": "{\"extension\":\".png\",\"pskl\":{}}",
        "name": "New image",
        "smoothed": true,
        "userAdded": false
      },
      {
        "alwaysLoaded": false,
        "file": "assets/Player4.png",
        "kind": "image",
        "metadata": "{\"extension\":\".png\"}",
        "name": "Player4",
        "smoothed": true,
        "userAdded": false
      },
      {
        "alwaysLoaded": false,
        "file": "assets/Player5.png",
        "kind": "image",
        "metadata": "{\"extension\":\".png\"}",
        "name": "Player5",
        "smoothed": true,
        "userAdded": false
      },
      {
        "alwaysLoaded": false,
        "file": "assets/Player6.png",
        "kind": "image",
        "metadata": "{\"extension\":\".png\"}",
        "name": "Player6",
        "smoothed": true,
        "userAdded": false
      },
      {
        "alwaysLoaded": false,
        "file": "assets/Player7.png",
        "kind": "image",
        "metadata": "{\"extension\":\".png\"}",
        "name": "Player7",
        "smoothed": true,
        "userAdded": false
      },
      {
        "alwaysLoaded": false,
        "file": "assets/Flag.png",
        "kind": "image",
        "metadata": "{\"extension\":\".png\"}",
        "name": "Flag",
        "smoothed": true,
        "userAdded": true
      }
    ],
    "resourceFolders": []
  },
  "objects": [],
  "objectsGroups": [],
  "variables": [],
  "layouts": [
    {
      "b": 209,
      "disableInputWhenNotFocused": true,
      "mangledName": "Level1",
      "name": "Level1",
      "r": 209,
      "standardSortMethod": true,
      "stopSoundsOnStartup": true,
      "title": "",
      "v": 209,
      "uiSettings": {
        "grid": true,
        "gridType": "rectangular",
        "gridWidth": 32,
        "gridHeight": 32,
        "gridOffsetX": 0,
        "gridOffsetY": 0,
        "gridColor": 10401023,
        "gridAlpha": 0.8,
        "snap": true,
        "zoomFactor": 0.5963714163013125,
        "windowMask": false
      },
      "objectsGroups": [],
      "variables": [],
      "instances": [
        {
          "angle": 0,
          "customSize": false,
          "height": 0,
          "layer": "",
          "name": "Player",
          "persistentUuid": "eb06a479-4f9f-43ca-a2a7-cfef98d62862",
          "width": 0,
          "x": 64,
          "y": 320,
          "zOrder": 1,
          "numberProperties": [],
          "stringProperties": [],
          "initialVariables": []
        },
        {
          "angle": 0,
          "customSize": true,
          "height": 32,
          "layer": "",
          "name": "Ground",
          "persistentUuid": "9d97eab0-81b9-4999-8373-1e86844a4e56",
          "width": 855,
          "x": 0,
          "y": 352,
          "zOrder": 2,
          "numberProperties": [],
          "stringProperties": [],
          "initialVariables": []
        },
        {
          "angle": 0,
          "customSize": true,
          "height": 32,
          "layer": "",
          "name": "Ground",
          "persistentUuid": "c65860ae-ad6e-48fa-a645-8cbf3064462e",
          "width": 269,
          "x": 608,
          "y": 160,
          "zOrder": 3,
          "numberProperties": [],
          "stringProperties": [],
          "initialVariables": []
        },
        {
          "angle": 0,
          "customSize": true,
          "height": 32,
          "layer": "",
          "name": "Ground",
          "persistentUuid": "025e0ffc-0c7d-4a6f-a75e-f9098c6d9330",
          "width": 224,
          "x": 256,
          "y": 224,
          "zOrder": 4,
          "numberProperties": [],
          "stringProperties": [],
          "initialVariables": []
        },
        {
          "angle": 0,
          "customSize": true,
          "height": 32,
          "layer": "",
          "name": "Ground",
          "persistentUuid": "6254b2b4-ebe4-4c4f-b015-239b5a717fbe",
          "width": 192,
          "x": 960,
          "y": 64,
          "zOrder": 5,
          "numberProperties": [],
          "stringProperties": [],
          "initialVariables": []
        },
        {
          "angle": 0,
          "customSize": true,
          "height": 32,
          "layer": "",
          "name": "Ground",
          "persistentUuid": "368f455c-5d4c-427a-8c84-c512d5071efc",
          "width": 192,
          "x": 1248,
          "y": 192,
          "zOrder": 6,
          "numberProperties": [],
          "stringProperties": [],
          "initialVariables": []
        },
        {
          "angle": 0,
          "customSize": true,
          "height": 32,
          "layer": "",
          "name": "Ground",
          "persistentUuid": "0d7bd153-3d3c-481b-8fc3-caf4bbb24b77",
          "width": 192,
          "x": 960,
          "y": 288,
          "zOrder": 7,
          "numberProperties": [],
          "stringProperties": [],
          "initialVariables": []
        },
        {
          "angle": 0,
          "customSize": true,
          "height": 32,
          "layer": "",
          "name": "Ground",
          "persistentUuid": "0d505478-25cb-467e-aa9e-d0bd3ca65a55",
          "width": 192,
          "x": 1536,
          "y": 288,
          "zOrder": 8,
          "numberProperties": [],
          "stringProperties": [],
          "initialVariables": []
        },
        {
          "angle": 0,
          "customSize": true,
          "height": 32,
          "layer": "",
          "name": "Ground",
          "persistentUuid": "346320d8-c425-4a19-8163-b4773938c943",
          "width": 224,
          "x": 1728,
          "y": 160,
          "zOrder": 9,
          "numberProperties": [],
          "stringProperties": [],
          "initialVariables": []
        },
        {
          "angle": 0,
          "customSize": true,
          "height": 32,
          "layer": "",
          "name": "Ground",
          "persistentUuid": "edfd28e7-2073-4ac2-9f4e-9d32322e3028",
          "width": 192,
          "x": 1952,
          "y": 32,
          "zOrder": 10,
          "numberProperties": [],
          "stringProperties": [],
          "initialVariables": []
        },
        {
          "angle": 0,
          "customSize": true,
          "height": 32,
          "layer": "",
          "name": "Ground",
          "persistentUuid": "47e6cc8f-3436-435a-9979-37ca875b49c4",
          "width": 160,
          "x": 1760,
          "y": -64,
          "zOrder": 11,
          "numberProperties": [],
          "stringProperties": [],
          "initialVariables": []
        },
        {
          "angle": 0,
          "customSize": true,
          "height": 32,
          "layer": "",
          "name": "Ground",
          "persistentUuid": "c3fc2773-728c-4c77-b18c-5ac52ec3ca79",
          "width": 192,
          "x": 2016,
          "y": -160,
          "zOrder": 12,
          "numberProperties": [],
          "stringProperties": [],
          "initialVariables": []
        },
        {
          "angle": 0,
          "customSize": true,
          "height": 32,
          "layer": "",
          "name": "Ground",
          "persistentUuid": "8303e1cc-6462-479f-b693-f0dbc174cb6e",
          "width": 160,
          "x": 1760,
          "y": -224,
          "zOrder": 11,
          "numberProperties": [],
          "stringProperties": [],
          "initialVariables": []
        },
        {
          "angle": 0,
          "customSize": true,
          "height": 32,
          "layer": "",
          "name": "Ground",
          "persistentUuid": "4de5a5f3-0082-4b09-829e-4d04159ea926",
          "width": 192,
          "x": 2016,
          "y": -288,
          "zOrder": 12,
          "numberProperties": [],
          "stringProperties": [],
          "initialVariables": []
        },
        {
          "angle": 0,
          "customSize": true,
          "height": 32,
          "layer": "",
          "name": "Ground",
          "persistentUuid": "9c0df02b-8308-4cd5-91ba-e38dc5df790c",
          "width": 160,
          "x": 1760,
          "y": -384,
          "zOrder": 11,
          "numberProperties": [],
          "stringProperties": [],
          "initialVariables": []
        },
        {
          "angle": 0,
          "customSize": true,
          "height": 32,
          "layer": "",
          "name": "Ground",
          "persistentUuid": "c3b7260d-607b-4b25-9e6c-6eea0c707efe",
          "width": 192,
          "x": 2016,
          "y": -480,
          "zOrder": 12,
          "numberProperties": [],
          "stringProperties": [],
          "initialVariables": []
        },
        {
          "angle": 0,
          "customSize": true,
          "height": 32,
          "layer": "",
          "name": "Ground",
          "persistentUuid": "3bd3147e-92ac-4656-a99c-b7a216e4dc3c",
          "width": 160,
          "x": 1760,
          "y": -576,
          "zOrder": 11,
          "numberProperties": [],
          "stringProperties": [],
          "initialVariables": []
        },
        {
          "angle": 0,
          "customSize": true,
          "height": 32,
          "layer": "",
          "name": "Ground",
          "persistentUuid": "24de56af-1ddd-4e0c-9137-ebc836946516",
          "width": 192,
          "x": 2016,
          "y": -672,
          "zOrder": 12,
          "numberProperties": [],
          "stringProperties": [],
          "initialVariables": []
        },
        {
          "angle": 0,
          "customSize": true,
          "height": 32,
          "layer": "",
          "name": "Ground",
          "persistentUuid": "c019268d-5c09-4b85-a925-3edb0c4b1d59",
          "width": 160,
          "x": 1760,
          "y": -800,
          "zOrder": 11,
          "numberProperties": [],
          "stringProperties": [],
          "initialVariables": []
        },
        {
          "angle": 0,
          "customSize": true,
          "height": 32,
          "layer": "",
          "name": "Ground",
          "persistentUuid": "89cfc8a5-dbea-4eb8-8563-7f206b5ac520",
          "width": 192,
          "x": 2016,
          "y": -800,
          "zOrder": 12,
          "numberProperties": [],
          "stringProperties": [],
          "initialVariables": []
        },
        {
          "angle": 0,
          "customSize": false,
          "height": 0,
          "layer": "",
          "name": "Flag",
          "persistentUuid": "6ab32f92-2c1c-4b92-8912-4a987e7c142e",
          "width": 0,
          "x": 0,
          "y": 288,
          "zOrder": 13,
          "numberProperties": [],
          "stringProperties": [],
          "initialVariables": []
        }
      ],
      "objects": [
        {
          "assetStoreId": "",
          "name": "Player",
          "tags": "",
          "type": "Sprite",
          "updateIfNotVisible": false,
          "variables": [],
          "effects": [],
          "behaviors": [
            {
              "name": "PlatformerObject",
              "type": "PlatformBehavior::PlatformerObjectBehavior",
              "gravity": 1000,
              "jumpSpeed": 1000,
              "acceleration": 1500,
              "canGoDownFromJumpthru": true,
              "canGrabPlatforms": false,
              "canGrabWithoutMoving": true,
              "deceleration": 1500,
              "ignoreDefaultControls": false,
              "jumpSustainTime": 0.2,
              "ladderClimbingSpeed": 150,
              "maxFallingSpeed": 700,
              "maxSpeed": 250,
              "slopeMaxAngle": 60,
              "useLegacyTrajectory": false,
              "xGrabTolerance": 10,
              "yGrabOffset": 0
            }
          ],
          "animations": [
            {
              "name": "Player",
              "useMultipleDirections": false,
              "directions": [
                {
                  "looping": true,
                  "metadata": "{\"pskl\":{}}",
                  "timeBetweenFrames": 0.08,
                  "sprites": [
                    {
                      "hasCustomCollisionMask": false,
                      "image": "Player6",
                      "points": [],
                      "originPoint": {
                        "name": "origine",
                        "x": 0,
                        "y": 0
                      },
                      "centerPoint": {
                        "automatic": true,
                        "name": "centre",
                        "x": 0,
                        "y": 0
                      },
                      "customCollisionMask": []
                    },
                    {
                      "hasCustomCollisionMask": false,
                      "image": "Player7",
                      "points": [],
                      "originPoint": {
                        "name": "origine",
                        "x": 0,
                        "y": 0
                      },
                      "centerPoint": {
                        "automatic": true,
                        "name": "centre",
                        "x": 0,
                        "y": 0
                      },
                      "customCollisionMask": []
                    }
                  ]
                }
              ]
            }
          ]
        },
        {
          "assetStoreId": "",
          "height": 32,
          "name": "Ground",
          "tags": "",
          "texture": "New image",
          "type": "TiledSpriteObject::TiledSprite",
          "width": 32,
          "variables": [],
          "effects": [],
          "behaviors": [
            {
              "name": "Platform",
              "type": "PlatformBehavior::PlatformBehavior",
              "canBeGrabbed": true,
              "platformType": "NormalPlatform",
              "yGrabOffset": 0
            }
          ]
        },
        {
          "assetStoreId": "",
          "name": "Flag",
          "tags": "",
          "type": "Sprite",
          "updateIfNotVisible": false,
          "variables": [],
          "effects": [],
          "behaviors": [],
          "animations": [
            {
              "name": "Flag",
              "useMultipleDirections": false,
              "directions": [
                {
                  "looping": false,
                  "metadata": "{\"pskl\":{}}",
                  "timeBetweenFrames": 0.08,
                  "sprites": [
                    {
                      "hasCustomCollisionMask": false,
                      "image": "Flag",
                      "points": [],
                      "originPoint": {
                        "name": "origine",
                        "x": 0,
                        "y": 0
                      },
                      "centerPoint": {
                        "automatic": true,
                        "name": "centre",
                        "x": 0,
                        "y": 0
                      },
                      "customCollisionMask": []
                    }
                  ]
                }
              ]
            }
          ]
        }
      ],
      "events": [
        {
          "type": "BuiltinCommonInstructions::Comment",
          "color": {
            "b": 109,
            "g": 230,
            "r": 255,
            "textB": 0,
            "textG": 0,
            "textR": 0
          },
          "comment": "O codigo abaixo realiza a ação de inverter a imagem do personagem em relação a direção de movimento",
          "comment2": ""
        },
        {
          "type": "BuiltinCommonInstructions::Standard",
          "conditions": [
            {
              "type": {
                "value": "KeyPressed"
              },
              "parameters": [
                "",
                "Left"
              ]
            }
          ],
          "actions": [
            {
              "type": {
                "value": "FlipX"
              },
              "parameters": [
                "Player",
                "yes"
              ]
            }
          ]
        },
        {
          "type": "BuiltinCommonInstructions::Standard",
          "conditions": [
            {
              "type": {
                "value": "KeyPressed"
              },
              "parameters": [
                "",
                "Right"
              ]
            }
          ],
          "actions": [
            {
              "type": {
                "value": "FlipX"
              },
              "parameters": [
                "Player",
                "no"
              ]
            }
          ]
        },
        {
          "type": "BuiltinCommonInstructions::Comment",
          "color": {
            "b": 109,
            "g": 230,
            "r": 255,
            "textB": 0,
            "textG": 0,
            "textR": 0
          },
          "comment": "O codigo abaixo move a camera em relação a posição x, y do personagem",
          "comment2": ""
        },
        {
          "type": "BuiltinCommonInstructions::Standard",
          "conditions": [],
          "actions": [
            {
              "type": {
                "value": "CentreCamera"
              },
              "parameters": [
                "",
                "Player",
                "yes",
                "",
                ""
              ]
            }
          ]
        }
      ],
      "layers": [
        {
          "ambientLightColorB": 0,
          "ambientLightColorG": 8023856,
          "ambientLightColorR": 16,
          "followBaseLayerCamera": false,
          "isLightingLayer": false,
          "name": "",
          "visibility": true,
          "cameras": [
            {
              "defaultSize": true,
              "defaultViewport": true,
              "height": 0,
              "viewportBottom": 1,
              "viewportLeft": 0,
              "viewportRight": 1,
              "viewportTop": 0,
              "width": 0
            }
          ],
          "effects": []
        }
      ],
      "behaviorsSharedData": [
        {
          "name": "Platform",
          "type": "PlatformBehavior::PlatformBehavior"
        },
        {
          "name": "PlatformerObject",
          "type": "PlatformBehavior::PlatformerObjectBehavior"
        }
      ]
    }
  ],
  "externalEvents": [],
  "eventsFunctionsExtensions": [],
  "externalLayouts": [],
  "externalSourceFiles": []
}